{"nuitka": {"warmup": [0.7410406999988481, 0.6442785999970511, 0.6466553000063868, 0.6574200000031851, 0.650064299989026, 0.6534876999940025, 0.6479376999923261, 0.6547418999980437, 0.6495643999951426, 0.6507138000015402, 0.6517045999935362, 0.6601584000018192, 0.65130370001134, 0.6554981999943266, 0.6511656000075163, 0.6545475000020815, 0.6490041999932146, 0.6491279999900144, 0.6517731999920215, 0.6434298999956809, 0.6445649999950547, 0.656806900005904, 0.6527656999969622, 0.6532418999995571, 0.6550867999903858, 0.6482188000081806, 0.6601000000082422, 0.6484932000021217, 0.6505440000037197, 0.6517400999873644, 0.654802799996105, 0.6504726999992272, 0.6529491999972379, 0.647636000008788, 0.6525675000011688, 0.6467298000061419, 0.6573328000085894, 0.6475492999888957, 0.6425898000015877, 0.6477010000089649, 0.6414444999973057, 0.6516334000043571, 0.6517280999978539, 0.650663499996881, 0.6577751000004355, 0.6481735999986995, 0.6539156999933766, 0.6537073999934364, 0.6501761999970768, 0.6468943999934709, 0.6522901999996975, 0.6467273000016576, 0.6515226000046823, 0.6579343000048539, 0.6526376999972854, 0.6591543999966234, 0.6578255000058562, 0.6581687999860151, 0.6499212000053376, 0.6594861000048695, 0.661622300001909, 0.6522968000062974, 0.6478650999924866, 0.6423054000042612, 0.6526033999980427, 0.6444233999936841, 0.6540976000105729, 0.6522597000002861, 0.6476452999922913, 0.6552364000090165, 0.6502421000041068, 0.6475922999961767, 0.6545260000129929, 0.6537610000086715, 0.6494406999991043, 0.6559660999919288, 0.6517008999944665, 0.648073199990904, 0.6486596000031568, 0.6515493000042625, 0.6504163999925368, 0.6463355000014417, 0.6502523999952246, 0.6448321000061696, 0.6415085000044201, 0.654914099999587, 0.6469352000131039, 0.6585714999964694, 0.6482845999998972, 0.6521466999984113, 0.6568387000006624, 0.6481803999922704, 0.650866899988614, 0.6470008000032976, 0.6573059000074863, 0.6507379000104265, 0.6561997000098927, 0.6500452000036603, 0.6448485000000801, 0.6467966999916825], "benchmark": [0.6477583999949275, 0.6470469999912893, 0.6513196000014432, 0.6522695000021486, 0.6505908999970416, 0.6440606999967713, 0.6482252999994671, 0.6438658999977633, 0.6496268000046257, 0.6479254000005312, 0.6571676000021398, 0.658176299999468, 0.6444706999900518, 0.657932800007984, 0.6491068000032101, 0.6491422999970382, 0.6623249999975087, 0.6513164000061806, 0.6467369000019971, 0.6603436000004876, 0.65441999999166, 0.654330100005609, 0.646772799998871, 0.6498355999938212, 0.6532606000109809, 0.6538334999931976, 0.6498044000036316, 0.6441414000000805, 0.6527491000015289, 0.676852400007192, 0.6465717000100994, 0.6487059000064619, 0.6444520000077318, 0.6455523999902653, 0.6536339000012958, 0.6443918000004487, 0.6562777999934042, 0.6415658000041731, 0.6547300000092946, 0.6495993999997154, 0.6479412000044249, 0.6574592999968445, 0.6516868000035174, 0.6480965999944601, 0.6510414000076707, 0.6502032999997027, 0.6502187000005506, 0.6558998999971664, 0.6496725999895716, 0.6493075000034878, 0.6482598000002326, 0.6487106999993557, 0.6497466000000713, 0.6535614999884274, 0.6517853999976069, 0.6497684000059962, 0.6527969000017038, 0.6488375000044471, 0.6472613999940222, 0.6531089000054635, 0.6498310000024503, 0.6505266000021948, 0.6494198999862419, 0.6554114000027766, 0.6488465000002179, 0.6448991999932332, 0.6523006999923382, 0.6430378999939421, 0.6510513000102947, 0.6491062999994028, 0.6560291999921901, 0.6457786999962991, 0.6529634999897098, 0.6465657000080682, 0.6435987000004388, 0.6639256000053138, 0.653066700004274, 0.658699899999192, 0.6540610999945784, 0.6640855000005104, 0.6513088000065181, 0.6492658000061056, 0.6602745999989565, 0.6476160000020172, 0.6509809999988647, 0.6475803000066662, 0.6526798999984749, 0.6498645999963628, 0.6480614000029163, 0.6519224000076065, 0.6488845999992918, 0.662108199991053, 0.6446082000038587, 0.657027699999162, 0.6453132999886293, 0.6541142000060063, 0.6595157999981893, 0.6567066999996314, 0.6532417999987956, 0.6546193999965908]}, "cpython": {"warmup": [0.7486238999990746, 0.7386904000013601, 0.7343562000023667, 0.7341409000073327, 0.7358736999885878, 0.7358721000055084, 0.747758999990765, 0.734499300000607, 0.7372906999953557, 0.7309973999945214, 0.7362914999976056, 0.7357451999996556, 0.733198200003244, 0.7384686999866972, 0.7370335000014165, 0.7375641999969957, 0.7351968000002671, 0.739818700007163, 0.7370972000062466, 0.7391401999921072, 0.7349853999912739, 0.7329457000014372, 0.7322884999884991, 0.7410190000082366, 0.746193700004369, 0.7329195000056643, 0.7333552000054624, 0.7422120000119321, 0.7350816999969538, 0.7421111000003293, 0.7345939999941038, 0.7357521999947494, 0.7407830000011018, 0.7354973000037717, 0.7360450999985915, 0.7447251999983564, 0.7346023999998579, 0.7332519999908982, 0.7371625000087079, 0.7495306999917375, 0.7314394999993965, 0.7342744000052335, 0.7356781999988016, 0.7389082000008784, 0.7457636999897659, 0.7618330000113929, 0.7335315000091214, 0.7389363000111189, 0.7359338999958709, 0.7361602000019047, 0.7377153999987058, 0.7362309999880381, 0.7351663000008557, 0.7382898999931058, 0.7341811999940546, 0.7383921000000555, 0.7387208000000101, 0.7359954999992624, 0.74768960000074, 0.7366335999977309, 0.7312844999978552, 0.7312222000036854, 0.7388496000057785, 0.7338607999990927, 0.7332674999925075, 0.7328529999940656, 0.7397185999870999, 0.7432032000069739, 0.7469877000112319, 0.7419705000065733, 0.7390159999922616, 0.7328301999950781, 0.7355623999901582, 0.7362505000055535, 0.734015999987605, 0.7366404000058537, 0.7364800999930594, 0.7326089999987744, 0.735879500003648, 0.739125399995828, 0.7356529999960912, 0.7421789000072749, 0.7414869000058388, 0.7557505000004312, 0.7390730999904918, 0.7384807000053115, 0.7361914000066463, 0.7321608999918681, 0.7480313000123715, 0.7424604999978328, 0.7412365000054706, 0.7332311999925878, 0.7370457999932114, 0.7423353000049246, 0.7372030999977142, 0.7407530000054976, 0.740380000002915, 0.7379764999932377, 0.7343161000026157, 0.7295604000100866],