{"nuitka": {"warmup": [1.190831400002935, 0.5442746000044281, 0.543431199999759, 0.5482431999989785, 0.5420254999917233, 0.5414584999962244, 0.547875499993097, 0.5430670999921858, 0.5489803000091342, 0.5474376000056509, 0.5486904999997932, 0.5431901000119979, 0.5450716000050306, 0.5430284000030952, 0.5462078999989899, 0.5435475999984192, 0.5500827000068966, 0.5470587000017986, 0.5584369999996852, 0.546345000009751, 0.5412409999989904, 0.5437189000076614, 0.5451437000010628, 0.5461331999977119, 0.5456725999974879, 0.5483576999977231, 0.5409458000067389, 0.5439634999929694, 0.5428574000106892, 0.5469578000047477, 0.5456586000073003, 0.5448102000082145, 0.5447801999980584, 0.5410167000081856, 0.5494237000093563, 0.5410960000008345, 0.5466985999955796, 0.5463952999998583, 0.5494822999899043, 0.5421982999978354, 0.5446712999982992, 0.543904999998631, 0.5429132999997819, 0.5449087000015425, 0.5475268000009237, 0.5451770000072429, 0.5423350000055507, 0.5518540999910329, 0.5479666000028374, 0.5436871999991126, 0.5460228000010829, 0.5533114000136266, 0.5482426999951713, 0.5461815000016941, 0.548320000001695, 0.5443647000065539, 0.5435313000052702, 0.5467645999888191, 0.5469372999941697, 0.5462277000042377, 0.550895299995318, 0.5446442999964347, 0.5433021000062581, 0.5387166000000434, 0.5381947999994736, 0.5429063999908976, 0.5444306999997934, 0.546319000000949, 0.5421911000012187, 0.5486378000059631, 0.5464282999892021, 0.5434087000030559, 0.5424022999941371, 0.543444199996884, 0.5438679999933811, 0.540930400005891, 0.5474737000040477, 0.5495269999955781, 0.5478779000113718, 0.5435437999985879, 0.5466689999884693, 0.5433993999904487, 0.5473933000030229, 0.5458433000021614, 0.5453938999999082, 0.5415887000126531, 0.5499270000000251, 0.547052399997483, 0.5388908000022639, 0.549139800001285, 0.5563779999938561, 0.5479600000107894, 0.5469502999912947, 0.552164199994877, 0.5511323000100674, 0.5478920000023209, 0.5484281000099145, 0.5838031000021147, 0.5468909000046551, 0.5448183000116842], "benchmark": [0.5536709000007249, 0.546449899993604, 0.546105900008115, 0.5431892000051448, 0.5427562999975635, 0.5431905000004917, 0.5474895999941509, 0.5454909999971278, 0.5442724000022281, 0.544601400004467, 0.5466376999975182, 0.5548131999967154, 0.5422883999999613, 0.5441895999974804, 0.5497188000008464, 0.5554021999996621, 0.5532492000056664, 0.549920799996471, 0.5517524000024423, 0.5466290999902412, 0.5508797999937087, 0.5442876000015531, 0.5437865000130842, 0.5413778000074672, 0.5497751000075368, 0.5456036999967182, 0.5493838999973377, 0.5461532999906922, 0.542885800008662, 0.5471185999922454, 0.5412442999950144, 0.5562692999956198, 0.547793299992918, 0.5493041000008816, 0.5457404000044335, 0.5522598999959882, 0.5519501000089804, 0.5487929999944754, 0.5480391000019154, 0.5472442999889608, 0.5492712999985088, 0.5513669999927515, 0.544579800000065, 0.5437720000045374, 0.5479173000057926, 0.5399030000116909, 0.5451116000040201, 0.5493499000003794, 0.5433870999986539, 0.5424806000082754, 0.5406236999988323, 0.5385199999873294, 0.5406141999992542, 0.5485784000047715, 0.5424936000054004, 0.5481925000058254, 0.5441853999946034, 0.5482748999929754, 0.546631699995487, 0.5482657000102336, 0.5497389999945881, 0.5482289000065066, 0.5446959999972023, 0.5391590999934124, 0.5452500999963377, 0.5462831999902846, 0.5558863000042038, 0.5438660000072559, 0.5490638999908697, 0.552352200000314, 0.5442336999985855, 0.5542983000050299, 0.5453529999940656, 0.5532673000125214, 0.5459950999938883, 0.5498166000033962, 0.5462765999982366, 0.5472856999986107, 0.5406747000088217, 0.5468689999979688, 0.5465273000008892, 0.5490690000005998, 0.5458407999976771, 0.5429542000056244, 0.5463099000044167, 0.5451376999990316, 0.5475863999890862, 0.5409921000100439, 0.5483314000011887, 0.5517744999960996, 0.5549169999867445, 0.5444875999965006, 0.547924200000125, 0.548734299998614, 0.5397509000031278, 0.5461616999964463, 0.5418222000007518, 0.5441054999973858, 0.5448754999961238, 0.544452200003434]}, "cpython": {"warmup": [0.5965950999961933, 0.59494400001131, 0.5923940000066068, 0.5999581999931252, 0.6000479000067571, 0.5924453000043286, 0.5980284000106622, 0.597750899993116, 0.5938874999992549, 0.5949969999928726, 0.5936670000082813, 0.5989880000124685, 0.5984599000075832, 0.5936759000032907, 0.5943075999966823, 0.5976100999978371, 0.590628599995398, 0.5940245000092546, 0.5908667000039713, 0.5885656000027666, 0.5969513000018196, 0.594736400002148, 0.5920175999926869, 0.5902833000000101, 0.5983553999976721, 0.5922319999954198, 0.5907520000037039, 0.5956198999920161, 0.59517249999044, 0.5920614999922691, 0.5999784000014188, 0.594683499992243, 0.590729099989403, 0.5876701999950456, 0.5923624999995809, 0.5935679999965942, 0.6026147999946261, 0.5902760999888415, 0.5896692999958759, 0.5951532000035513, 0.5919397999969078, 0.5873789000033867, 0.590944399998989, 0.595465599995805, 0.5887196999974549, 0.5976854000036838, 0.5930712000117637, 0.5972345000045607, 0.5976934999926016, 0.5929464000073494, 0.5878493999916827, 0.5914468000119086, 0.5914208000031067, 0.5919932999968296, 0.5968630999996094, 0.6015994000044884, 0.5908508000138681, 0.58745189999172, 0.5915724000078626, 0.5941237000079127, 0.590404699993087, 0.5946775000047637, 0.5981799000001047, 0.6018844000063837, 0.5873895999975502, 0.5944538000039756, 0.5891591999970842, 0.5890900999947917, 0.5977061000012327, 0.5978414999990491, 0.6012655000085942, 0.5943734000029508, 0.5906779999932041, 0.606263299996499, 0.5900089000060689, 0.5917647999885958, 0.5910850999935064, 0.5882420999987517, 0.5997413000004599, 0.5940768000000389, 0.6037760000035632, 0.587859599996591, 0.5941798999992898, 0.590299600007711, 0.598383799995645, 0.590345000004163, 0.5929612000036286, 0.5965415999962715, 0.585780599998543, 0.5901448999939021, 0.5902254999964498, 0.595078199999989, 0.5896015000034822, 0.5941259000101127, 0.593636499994318, 0.5876818999968236, 0.5956288000015775, 0.5971761999971932, 0.5935685000004014, 0.586009999999078],