{"nuitka": {"warmup": [0.7604996000009123, 0.5164918999944348, 0.5083440000016708, 0.5119642000063322, 0.513430300008622, 0.5120873999985633, 0.5108340000006137, 0.5125084999890532, 0.5131608999945456, 0.5152596999978414, 0.5073039999988396, 0.5151546999986749, 0.5114156000054209, 0.5214368000015384, 0.5183139000000665, 0.509761500012246, 0.5100625999912154, 0.5123224999988452, 0.5158950999903027, 0.514223200007109, 0.5205069999938132, 0.5118649000069126, 0.5097800999938045, 0.5081416000030003, 0.5187041999888606, 0.510872400001972, 0.5109308999963105, 0.5127529000019422, 0.5107107999938307, 0.5090693999954965, 0.5110989000095287, 0.5166377999994438, 0.5111926000099629, 0.5079550000082236, 0.5127128000021912, 0.5097512999927858, 0.5104105999926105, 0.5150353999924846, 0.5122639000037452, 0.5105336999986321, 0.5088187000073958, 0.5083427000063239, 0.5134454999933951, 0.5111920999916038, 0.5165017000108492, 0.5161824000097113, 0.5058619999908842, 0.5095888999931049, 0.5095710000023246, 0.5155205000046408, 0.5133660999999847, 0.5160827000072459, 0.5154088999988744, 0.5138194000028307, 0.5145495999895502, 0.5122241000062786, 0.5206147999997484, 0.5168504000030225, 0.5052001000003656, 0.5113032999943243, 0.5081551000039326, 0.516156099998625, 0.5102486999967368, 0.5084328999946592, 0.5134917000104906, 0.5184511999977985, 0.5076614999998128, 0.5140812000026926, 0.5169987000117544, 0.5184392999944976, 0.5264094000012847, 0.5269568000076106, 0.5038779000024078, 0.5221274999930756, 0.5121355000010226, 0.5172977000038372, 0.5129828999924939, 0.5223752000019886, 0.5144304999994347, 0.5189392000029329, 0.5170823000080418, 0.5278424999996787, 0.5209764000028372, 0.5132802000007359, 0.5082181000034325, 0.514236200004234, 0.516118200001074, 0.5178960999910487, 0.5103821000084281, 0.5196553999994649, 0.5168740999943111, 0.5128474999946775, 0.5114617999934126, 0.5123753999941982, 0.5129526999953669, 0.5141369999910239, 0.5079976000124589, 0.5158935999934329, 0.5123791000078199, 0.5173478999931831], "benchmark": [0.5123676000075648, 0.516122599990922, 0.5152454000053694, 0.5142472000006819, 0.5120174999901792, 0.5127876000042306, 0.5121207000047434, 0.5172559000056935, 0.5117478000029223, 0.5113618999894243, 0.5106308000104036, 0.5071433999983128, 0.5125242999929469, 0.5129067999951076, 0.5110828000033507, 0.5143240999896079, 0.5104983999917749, 0.512791200002539, 0.5119777000072645, 0.5154630999895744, 0.5113043000019388, 0.5148901000065962, 0.5106276000005892, 0.5133825999946566, 0.5222967000008794, 0.5244258000020636, 0.5158003999968059, 0.5116876999964006, 0.5136701999872457, 0.5125368000008166, 0.5144280999957118, 0.5149325000093086, 0.5123200999951223, 0.5125010999909136, 0.5197669000044698, 0.5124101000110386, 0.5179645999887725, 0.510367299997597, 0.5296536000096239, 0.5169674000062514, 0.52094550000038, 0.5296212999965064, 0.5155520999978762, 0.5111316999973496, 0.5086177000048338, 0.5107259999931557, 0.514640999987023, 0.5278467000025557, 0.5308526000007987, 0.5123554000019794, 0.5229893999930937, 0.5129774000088219, 0.5168674000015017, 0.5097946000023512, 0.5204119999980321, 0.5097536999965087, 0.5130549000023166, 0.5188128000008874, 0.5186663999920711, 0.5141413999954239, 0.5105421999905957, 0.512019900008454, 0.5095602999936091, 0.5185308000072837, 0.5194608000019798, 0.5194368000084069, 0.5139168000023346, 0.5174375000060536, 0.5181129000120563, 0.5149602000019513, 0.5105459000042174, 0.5123353999952087, 0.5107448999915505, 0.510221200005617, 0.5051143999880878, 0.5135131999995792, 0.5177293000015197, 0.5274884000100428, 0.5169318999978714, 0.5129930999974022, 0.5159306999994442, 0.5141774000076111, 0.5182825999945635, 0.5186030999902869, 0.5145648000034271, 0.5179487999994308, 0.5129818999994313, 0.5099580999958562, 0.5171532000094885, 0.5024302999954671, 0.5125060999998823, 0.5136388999962946, 0.5129766000027303, 0.5095234000036726, 0.5208347000007052, 0.514906999989762, 0.5138223999965703, 0.5095595000020694, 0.5123218999942765, 0.5125788000004832]}, "cpython": {"warmup": [0.6638837999926182, 0.6528933999943547, 0.6604302000050666, 0.6554630000027828, 0.6522086000040872, 0.658491000009235, 0.6556718999927398, 0.6545226000016555, 0.6568509999924572, 0.6584093999990728, 0.6625681000004988, 0.6583083999867085, 0.6546800999931293, 0.6541684999974677, 0.6590569999971194, 0.664075499997125, 0.6543587000051048, 0.7444630000100005, 0.6595289000106277, 0.6595989999914309, 0.6602619000041159, 0.652559400012251, 0.6589577999984613, 0.653472399993916, 0.6616416999895591, 0.6522410999896238, 0.6563685000000987, 0.6560903999925358, 0.6573344000062207, 0.6581199000065681, 0.6577108999917982, 0.6525001999980304, 0.6536751999956323, 0.6547256999911042, 0.6561592000070959, 0.6537760999926832, 0.653040899996995, 0.6473893000074895, 0.6609829999943031, 0.6680734999972628, 0.6584954999998445, 0.655174800005625, 0.6549077999952715, 0.6536235999956261, 0.6516558000002988, 0.6507654000015464, 0.6639966000075219, 0.6587044000043534, 0.6569311000057496, 0.6618367000046419, 0.6569699999963632, 0.6555473000044003, 0.6595125000021653, 0.6568479999987176, 0.6562379999959376, 0.652831100000185, 0.6540285999944899, 0.6483933999988949, 0.6519363999977941, 0.6601214999973308, 0.6520943000068655, 0.6577676000015344, 0.6545074000023305, 0.6637415000004694, 0.661534799990477, 0.6840966000017943, 0.6591292999946745, 0.6541027000057511, 0.6611558000004152, 0.6648360999970464, 0.6527627000032226, 0.6587994000001345, 0.6587272000033408, 0.6525413999916054, 0.6519183000054909, 0.6552205000043614, 0.6572594000026584, 0.6508984000101918, 0.6632518999977037, 0.6572343000007095, 0.6527048999996623, 0.6566911000118125, 0.6591891999996733, 0.6657904999883613, 0.6531360000080895, 0.6745768999971915, 0.6651472999947146, 0.6597823999909451, 0.6588240999990376, 0.6616803999932017, 0.6564611999929184, 0.6615018999873428, 0.6585508999996819, 0.6583422999974573, 0.6594953000021633, 0.6568136999994749, 0.653407599995262, 0.6570609000045806, 0.6571688999974867, 0.6573772999981884],