{"nuitka": {"warmup": [0.7918938999937382, 0.5706161999987671, 0.5728125000023283, 0.5666044000099646, 0.5665913999982877, 0.568843500004732, 0.5645317000016803, 0.5695774999912828, 0.5660825000086334, 0.5674033999966923, 0.5706521999964025, 0.5653458000015235, 0.5647519000049215, 0.5756852000049548, 0.5650503999931971, 0.572816400002921, 0.5620894000021508, 0.5681499000056647, 0.5665062999905786, 0.5701419999968493, 0.5662618999922415, 0.5641485999949509, 0.5708127999969292, 0.5692667999974219, 0.5633039999956964, 0.5687908000109019, 0.5643636000022525, 0.5638341999874683, 0.5664588000072399, 0.5722372000018368, 0.5743359000043711, 0.5641757999983383, 0.5677735000062967, 0.577786499998183, 0.5740003999962937, 0.5669921000080649, 0.5655733000021428, 0.5677608999976655, 0.5665054999990389, 0.5640508999931626, 0.5708148999983678, 0.5660859000054188, 0.5644446999940556, 0.562289099994814, 0.5688650999945821, 0.569738199992571, 0.565555499997572, 0.5644595000048866, 0.5652628999960143, 0.5651535000069998, 0.5632798000006005, 0.567267799997353, 0.5654113000055077, 0.5625002000015229, 0.568460899987258, 0.5632208000024548, 0.5653896000003442, 0.5664454000070691, 0.5651397000037832, 0.5662824000028195, 0.5740002999955323, 0.5652421999984654, 0.5670917999959784, 0.5694693999976153, 0.5682860000088112, 0.5709693000098923, 0.5635981999948854, 0.5623543000110658, 0.5721962000097847, 0.5701009000040358, 0.5699813999963226, 0.5688092000054894, 0.5639951000048313, 0.564326899999287, 0.5690356999984942, 0.563615299994126, 0.5766801999998279, 0.5631680000078632, 0.5658910999918589, 0.5735373000061372, 0.566255400000955, 0.5739892999990843, 0.5653137000044808, 0.5687241999985417, 0.5691569000046002, 0.5630805999971926, 0.570825299990247, 0.5706729999947129, 0.5655177000007825, 0.5627196000132244, 0.5688737000018591, 0.5653365000034682, 0.5676291999989189, 0.5699143999954686, 0.5674056999996537, 0.5707722999941325, 0.569818399992073, 0.5651493999903323, 0.5620437000034144, 0.5678530000004685], "benchmark": [0.5689428000041516, 0.5639880000089761, 0.5681903999939095, 0.5685877000069013, 0.5646597000013571, 0.5606495999963954, 0.5611022999946726, 0.5701417000091169, 0.5688630000076955, 0.5720929999952205, 0.5682344999950146, 0.5766548999963561, 0.5609870000043884, 0.568062699996517, 0.5638253000070108, 0.573125800001435, 0.5766602000076091, 0.5667392999894219, 0.5664925999881234, 0.56906209999579, 0.5623223000002326, 0.5722874000057345, 0.5679860999953235, 0.5701438000105554, 0.5658631000114838, 0.5664336999907391, 0.565397700003814, 0.5685509000031743, 0.5726402000000235, 0.5692296000052011, 0.5691191999940202, 0.5672933000023477, 0.5677820999990217, 0.5637971000105608, 0.5701782999967691, 0.5739404000050854, 0.5654269000078784, 0.5716314999881433, 0.5700618999981089, 0.5660248000058345, 0.5722972999938065, 0.5618416999932379, 0.5628530999965733, 0.5614697999990312, 0.5646782999974675, 0.5726750000030734, 0.5725525000016205, 0.5738026000035461, 0.5684955999895465, 0.5681009999971138, 0.5676104000012856, 0.5677443000022322, 0.5663316999998642, 0.5721969000005629, 0.5662100999907125, 0.5637123000051361, 0.5631302999972831, 0.5644166999991285, 0.5647491999989143, 0.5674003000021912, 0.5695242999936454, 0.5631569999968633, 0.5709591000049841, 0.5729420999996364, 0.5625845000031404, 0.573436299993773, 0.5705054999998538, 0.5674200000066776, 0.5696354000101564, 0.5659790000063367, 0.5672048999986146, 0.5681655000080355, 0.5621495000086725, 0.5629893000004813, 0.5652606999938143, 0.5664726000104565, 0.5736163999972632, 0.570729900005972, 0.5722980999998981, 0.5620524000114528, 0.5649130000092555, 0.5652355999918655, 0.5699772000079975, 0.5739567000127863, 0.5617389999970328, 0.5674950000102399, 0.5719175999984145, 0.570255200000247, 0.5770057000045199, 0.5695685000100639, 0.5645981999987271, 0.5652932000084547, 0.566097400005674, 0.562086799996905, 0.5663395000010496, 0.5714848000061465, 0.5746135000081267, 0.5670734000013908, 0.5619229000003543, 0.5649351000029128]}, "cpython": {"warmup": [0.6525810000021011, 0.6525305999966804, 0.6484507000131998, 0.6453005999937886, 0.6492511999967974, 0.6509605000028387, 0.6490440000052331, 0.6502722000004724, 0.6532661999954144, 0.6506595999962883, 0.650798799993936, 0.6454326000093715, 0.6463978000101633, 0.6504371000046376, 0.64712339999096, 0.647262700003921, 0.6477846999914618, 0.6460059999953955, 0.6536512000020593, 0.648424500002875, 0.6450920999923255, 0.6481966999999713, 0.647528900008183, 0.6459498000040185, 0.6477823000022909, 0.6452653000014834, 0.6519077999982983, 0.6472586000018055, 0.6460518000094453, 0.6463838999916334, 0.6458188999968115, 0.6430232999991858, 0.6531180999882054, 0.6475569000031101, 0.6503327999962494, 0.6470668999972986, 0.6491702999919653, 0.6468836999993073, 0.6513478999986546, 0.6450431999983266, 0.6465595999907237, 0.6466453000030015, 0.6458248999988427, 0.6500441999960458, 0.6503612999949837, 0.6469003999955021, 0.6511496000020998, 0.6450386999931652, 0.6463742000050843, 0.6498362000129418, 0.650316399987787, 0.6477125999954296, 0.6457481000106782, 0.6464512000093237, 0.6417167000035988, 0.6465715999947861, 0.6432292999961646, 0.6471877000003587, 0.6482064000010723, 0.6489915999991354, 0.6484784000058426, 0.6519880999985617, 0.6456785000045784, 0.6459751000074903, 0.6526620999939041, 0.6441361999895889, 0.6473751000012271, 0.6542177000083029, 0.6488224999920931, 0.6450115000043297, 0.6479339000070468, 0.645224000007147, 0.6455026999901747, 0.6456103000091389, 0.6470447000028798, 0.6470132999966154, 0.6455925000045681, 0.6487707000051159, 0.6485977999982424, 0.6426391999993939, 0.6487049999996088, 0.6461083000031067, 0.6488860999961616, 0.6431295999936992, 0.6537045000004582, 0.6449525999923935, 0.648449599990272, 0.6494019999954617, 0.647069000013289, 0.6455454999959329, 0.6465140999935102, 0.6430035000084899, 0.6516394000063883, 0.6448898000089685, 0.6457360000058543, 0.6489725999999791, 0.6472085999994306, 0.6467170000105398, 0.6458098000002792, 0.6412704999966081],