{"nuitka": {"warmup": [0.7466769000020577, 0.5270111999998335, 0.5293788999988465, 0.5247250999964308, 0.5288398999982746, 0.5251065000047674, 0.5340919000009308, 0.5332718000136083, 0.5273976000025868, 0.5312596000003396, 0.528502600005595, 0.5288035999983549, 0.5297059000004083, 0.5271159000112675, 0.5243370999960462, 0.5282522000052268, 0.5249966999981552, 0.5382489999901736, 0.530559999999241, 0.5324589999945601, 0.5280126000143355, 0.5289690000063274, 0.525537900000927, 0.5286094000039157, 0.522896700000274, 0.5308235999982571, 0.5239817000110634, 0.5270302999997512, 0.5265376999886939, 0.5275560000009136, 0.5293397000059485, 0.5286733999964781, 0.5297782999987248, 0.5274602999998024, 0.5302257999865105, 0.5258489999978337, 0.5321002999990014, 0.5274523999978555, 0.5356778000132181, 0.524783100001514, 0.5270587999984855, 0.5308676999993622, 0.5276284999999916, 0.5290853000042262, 0.5346889000065858, 0.5285870999941835, 0.5294785000005504, 0.5278818999940995, 0.5291384000011021, 0.5331421000009868, 0.5291212000011001, 0.5305172999942442, 0.5265140999981668, 0.5293147000047611, 0.5252221999980975, 0.5276623999961885, 0.5293819999933476, 0.5317846999969333, 0.5264229000022169, 0.5316323999868473, 0.5258545000106096, 0.5302002999960678, 0.5294009000062943, 0.5309029000054579, 0.5323997999948915, 0.5236568000109401, 0.5318773000035435, 0.5255928999977186, 0.5345577999978559, 0.5312668999977177, 0.5365740999986883, 0.5285359000117751, 0.528908299995237, 0.5324795999913476, 0.5383601999928942, 0.5278965000034077, 0.5319100999913644, 0.5287759000057122, 0.5254921000014292, 0.5260468000051333, 0.5380868000065675, 0.5233292000048095, 0.5301800000015646, 0.5256834000028903, 0.5228673999954481, 0.5291950999962864, 0.5294088999944506, 0.5250018000078853, 0.5230656000057934, 0.5336756000033347, 0.5263984999910463, 0.5282483000046341, 0.5242912000103388, 0.5296901999972761, 0.5289021000062348, 0.5298520000069402, 0.5249975000042468, 0.5310489999974379, 0.5301792999962345, 0.5304403000045568], "benchmark": [0.5309479999996256, 0.5257395999942673, 0.527771400011261, 0.5246855000004871, 0.5312295999901835, 0.5266594999993686, 0.5260687999980291, 0.5270300999982283, 0.5290838999935659, 0.5251608999969903, 0.5319320999988122, 0.5252897999889683, 0.5268185999884736, 0.5285425000038231, 0.5283384999929694, 0.5233864000038011, 0.5291093999985605, 0.5280258999991929, 0.5222795000008773, 0.5318929000059143, 0.5252562000096077, 0.5311726000072667, 0.5252899999904912, 0.5287858999945456, 0.5235332000011113, 0.5302395999897271, 0.5279760999983409, 0.5297325999999885, 0.5290306999959284, 0.5328759999974864, 0.5265738000016427, 0.5293398999929195, 0.5281459999969229, 0.525239499998861, 0.5298577999928966, 0.5268914000043878, 0.525456999996095, 0.5270652000035625, 0.5304870999971172, 0.5318857999955071, 0.5358172999985982, 0.5562376000016229, 0.5415956000069855, 0.5259451000019908, 0.5286092000023928, 0.5278963999880943, 0.5507248000067193, 0.527703300002031, 0.5289733999961754, 0.5310676000081003, 0.5486552999936976, 0.5552244999998948, 0.5250949999899603, 0.8456793999939691, 0.5301223999995273, 0.5254760000098031, 0.5277483999961987, 0.5280775999999605, 0.5270427000068594, 0.527803999997559, 0.5323836999887135, 0.5291415999963647, 0.5357334000000264, 0.5300138000020524, 0.5290007000003243, 0.5388875000062399, 0.5325341999996454, 0.5292410999973072, 0.5312253000010969, 0.5292475000023842, 0.5301089999993565, 0.527071700009401, 0.5272963000024902, 0.5289037000038661, 0.5263942000019597, 0.5292724000028102, 0.5285587999969721, 0.5222045999980764, 0.5268335000000661, 0.5257476999977371, 0.5234631000057561, 0.5328523000061978, 0.5262260000017704, 0.5264629000012064, 0.529495599999791, 0.5297384999867063, 0.5284718999901088, 0.5276054999994813, 0.5252308000053745, 0.5242580999911297, 0.5301319999998668, 0.52699389999907, 0.5225875000032829, 0.5264522999932524, 0.53231439999945, 0.5262493999907747, 0.5293899999960558, 0.5244015999924159, 0.5337342999991961, 0.5289404000068316]}, "cpython": {"warmup": [0.6572843000030844, 0.6476795000053244, 0.6444625000003725, 0.6449744999990799, 0.6486764000001131, 0.6482921999995597, 0.6531377000064822, 0.6434612000011839, 0.6492889999935869, 0.643777899997076, 0.650037399987923, 0.6476303000090411, 0.6470444000005955, 0.6456831000105012, 0.6447571000026073, 0.6436715000018012, 0.6523018000007141, 0.6482963000016753, 0.6411818999913521, 0.6495054999977583, 0.6458978000009665, 0.6389253999950597, 0.6424186000076588, 0.6516374999919208, 0.6472058999934234, 0.6442499999975553, 0.6454292999987956, 0.6444431000127224, 0.6438326999923447, 0.6453745000035269, 0.6485687999957008, 0.6501299000083236, 0.6453772999957437, 0.6434871999954339, 0.6471162999951048, 0.6470219000038924, 0.6408637999993516, 0.6495295000058832, 0.6477937000017846, 0.641330200000084, 0.6413638000085484, 0.6431052999978419, 0.6496536000049673, 0.6479250999982469, 0.645284600002924, 0.6517253000056371, 0.6414339000039035, 0.6393634999985807, 0.6449521000031382, 0.6454801000072621, 0.6459045999945374, 0.6473471000063, 0.6394654999894556, 0.6458714000036707, 0.645068199999514, 0.6468327999900794, 0.6398026999959257, 0.649630599989905, 0.6439338000054704, 0.6444180999969831, 0.6455480000004172, 0.6472878999920795, 0.6519281999935629, 0.6453741000004811, 0.6403510000091046, 0.643519399993238, 0.6445397000061348, 0.6422312000067905, 0.649772299992037, 0.6395191999909002, 0.6435000000055879, 0.649759100007941, 0.6395007999963127, 0.6508001000038348, 0.6396372000017436, 0.6487852999998722, 0.646499299997231, 0.6477262999978848, 0.6450448999967193, 0.6473260000057053, 0.6534740000060992, 0.6438252000079956, 0.6447561999957543, 0.6446099999884609, 0.6450877000024775, 0.6476959999999963, 0.6432955999916885, 0.644930900001782, 0.6546932000055676, 0.6559419999975944, 0.6426061999954982, 0.6421206999948481, 0.6422848999936832, 0.6407103999954415, 0.6430469000042649, 0.6465820000012172, 0.6441091000015149, 0.6408044999989215, 0.6410672999918461, 0.6449529000092298],