{"nuitka": {"warmup": [0.7269859999942128, 0.5367273000010755, 0.5346166000090307, 0.5327294000016991, 0.5432531000114977, 0.5305421000084607, 0.5368997999903513, 1.1968436000024667, 0.5407522000023164, 0.5310767000046326, 0.5339579999999842, 0.5331102999916766, 0.5398644999950193, 0.5312276999902679, 0.5435741999972379, 0.5383261999959359, 0.5447023000015179, 0.5362269000033848, 0.5379341000079876, 0.5307326000038302, 0.5340511000104016, 0.5394088999892119, 0.5437210000091, 0.5339478000096278, 0.5319753999938257, 0.5364501000003656, 0.5365557000041008, 0.5354376999894157, 0.5360318000020925, 0.534053600000334, 0.5403144000010798, 0.5384380000032252, 0.531933599995682, 0.5331728000019211, 0.529699000006076, 0.5448623999982374, 0.5271479000075487, 0.5322006999922451, 0.5395279000076698, 0.537641299990355, 0.5281738999910885, 0.5371273999917321, 0.5277846999961184, 0.5416144999908283, 0.538647299996228, 0.5326573999918764, 0.5321199000027264, 0.5352438000118127, 0.5297776999941561, 0.5273450999957277, 0.5320474000036484, 0.541031100001419, 0.539468000002671, 0.5331159000052139, 0.5462195000000065, 0.5350601999962237, 0.5326867999974638, 0.535568899998907, 0.5270142999943346, 0.5512957000028109, 0.5386293000046862, 0.5393560000084108, 0.5322909999958938, 0.5402930999989621, 0.5286949000001187, 0.527242500000284, 0.5280055000039283, 0.5465046000026632, 0.5304942000075243, 0.5370163999905344, 0.5359729000047082, 0.5383442999882391, 0.5346968999947421, 0.5393942999944557, 0.5318147000070894, 0.5362330000061775, 0.5391942999995081, 0.5372856000030879, 0.5350087999977404, 0.5306349000020418, 0.5431609999941429, 0.5340839999989839, 0.5364333999896189, 0.525396400000318, 0.5264007000077982, 0.5478030999947805, 0.5384542999963742, 0.5377358999976423, 0.5334787000028882, 0.5306598000024678, 0.5393941999936942, 0.5368605999974534, 0.5352107000071555, 0.532046199994511, 0.5355293000029633, 0.550748100009514, 0.5830134999996517, 0.5320591000054264, 0.5357814000017243, 0.538283700007014], "benchmark": [0.5344033000001218, 0.532110999993165, 0.5269510000071023, 0.530010400005267, 0.5362325000023702, 0.5281859999959124, 0.537629400001606, 0.5344496000034269, 0.5325275999930454, 0.5380323999997927, 0.5327830000023823, 0.5337315000069793, 0.5311686000059126, 0.5337309000024106, 0.532288399990648, 0.540480399999069, 0.5316781999863451, 0.5299439999944298, 0.5333007000008365, 0.5342464000132168, 0.5288843999878736, 0.5303359999961685, 0.5279681999963941, 0.5366291000100318, 0.5302217999997083, 0.5252894000004744, 0.5292751999950269, 0.527463299993542, 0.5357978999963962, 0.5320647999906214, 0.540661299994099, 0.5279386000038357, 0.5311263999901712, 0.5242519000021275, 0.5244711999985157, 0.5349424000014551, 0.5332159999961732, 0.5347674999939045, 0.5340220000070985, 0.5327475000085542, 0.5333000999962678, 0.5362094000010984, 0.5363629999919794, 0.5358454999950482, 0.5395755000063218, 0.5308053999906406, 0.5369505999988178, 0.5801920000085374, 0.5366964999993797, 0.5387256999965757, 0.5420373999950243, 0.5376784999971278, 0.5315488999913214, 0.5395406000025105, 0.5333886000007624, 0.5313366000045789, 0.5263292000017827, 0.5324791000020923, 0.5359854999987874, 0.5318967000057455, 0.5337259999942034, 0.5337207000120543, 0.5293765000096755, 0.540421099998639, 0.5339374000031967, 0.5313043000060134, 0.5274861999932909, 0.5292656999954488, 0.5368728000030387, 0.5323230000067269, 0.5357402000081493, 0.5345557999971788, 0.5317167999892263, 0.5373637000011513, 0.5341765000048326, 0.5337079000019003, 0.5349492000095779, 0.5360032999888062, 0.5268985000002431, 0.5342153000092367, 0.5360450000007404, 0.5347044000081951, 0.5338258999981917, 0.5328960000042571, 0.5362042000051588, 0.5350662999990163, 0.5353954000020167, 0.5272508000052767, 0.5419095999968704, 0.5415245000040159, 0.5335553000040818, 0.5356719999981578, 0.5344304000027478, 0.5283725000044797, 0.5321742000087397, 0.5378054999891901, 0.5338916000036988, 0.5337425000034273, 0.5348931999906199, 0.5310885999933816]}, "cpython": {"warmup": [0.6365504000132205, 0.6386046999978134, 0.6364056000020355, 0.631179299991345, 0.633131599999615, 0.6307032000040635, 0.629944100001012, 0.6317022000002908, 0.6296299000096042, 0.6302732000040123, 0.6286488000041572, 0.6284631000016816, 0.6348105000070063, 0.6287213000032352, 0.6326008999894839, 0.6359528000029968, 0.6325557000091067, 0.6337241000001086, 0.6277253999869572, 0.6292542999872239, 0.6303558000072371, 0.6309712000074796, 0.6330935000005411, 0.6380375000007916, 0.6293212000018684, 0.6337244000023929, 0.6344989999925019, 0.6367674999928568, 0.6276727999938885, 0.6329401999973925, 0.6306856000010157, 0.6316303000057815, 0.6278001000027871, 0.6380546000000322, 0.6282899999932852, 0.62926050000533, 0.6377676999982214, 0.6260662999993656, 0.6309484999947017, 0.6296436999982689, 0.6360235000029206, 0.6402137999975821, 0.6318700999981957, 0.6309193999913987, 0.6283831000037026, 0.6291113000042969, 0.631250699996599, 0.6308773000055226, 0.6355171000031987, 0.6247992999997223, 0.6264651999954367, 0.6285719000006793, 0.6298862000112422, 0.6260079000057885, 0.6377929999871412, 0.6301911000045948, 0.6341399999946589, 0.6276751999976113, 0.6315764000028139, 0.6302212000009604, 0.6286980000004405, 0.6298463999992236, 0.6311626999959117, 0.6345307999872603, 0.6254898000042886, 0.6363176000013482, 0.6355072000005748, 0.6342365000018617, 0.6320290000003297, 0.6357829000044148, 0.6321955999883357, 0.6290231000020867, 0.6324661000107881, 0.6335589000082109, 0.636252099997364, 0.6303649000037694, 0.6308120000030613, 0.6297831999982009, 0.6333357999974396, 0.6269536000036169, 0.6262692000018433, 0.627383800005191, 0.6295532999938587, 0.6340122999972664, 0.6293672000028891, 0.630748700001277, 0.6314555999997538, 0.648017700004857, 0.6279111999901943, 0.6327244999993127, 0.6287389000062831, 0.6297117999929469, 0.6322325999935856, 0.6348311000037938, 0.6326486999896588, 0.6314604000071995, 0.6345837999979267, 0.627171999993152, 0.6369487000047229, 0.6332850000035251],