{"nuitka": {"warmup": [1.2970837999891955, 1.1426948000007542, 1.1530078000068897, 1.1323371000034967, 1.1378898999973899, 1.1537750999996206, 1.1606019999890123, 1.156390400006785, 1.1638540999992983, 1.1479207999946084, 1.1635191999957897, 1.1438229999912437, 1.1489386000030208, 1.1699761999916518, 1.195990599997458, 1.1896443000005092, 1.1404160000092816, 1.155063500002143, 1.1693677000002936, 1.1554881999909412, 1.1793369999941206, 1.1441655999951763, 1.1883780999924056, 1.1697343999985605, 1.1611024000012549, 1.1752665999956662, 1.1948074999963865, 1.1550401999993483, 1.1779009000019869, 1.180039200000465, 1.1361238999961643, 1.161665699997684, 1.1540565000032075, 1.1701602999964962, 1.1484312000102364, 1.1358216000080574, 1.1773569999932079, 1.1435969999874942, 1.1293775000085589, 1.1576644000015222, 1.137010199992801, 1.1445497999957297, 1.163989799999399, 1.1548292999941623, 1.1648623000073712, 1.1579193999932613, 1.1638148999918485, 1.1811000000016065, 1.1556248999986565, 1.1679771000053734, 1.129949200010742, 1.262135799988755, 1.1252082999999402, 1.1622252000088338, 1.1377303000044776, 1.1716507999954047, 1.1556408999895211, 1.1718741000076989, 1.1731285999994725, 1.1618296999949962, 1.1462422999902628, 1.1898890000011306, 1.148616000005859, 1.167203500008327, 1.1554113000020152, 1.1403294999909122, 1.1676189999998314, 1.1669953999953577, 1.1669823000120232, 1.169504399993457, 1.1455077999999048, 1.1449867000046652, 1.128713300000527, 1.1109640000067884, 1.1663795000058599, 1.135248299993691, 1.19915120000951, 1.1699028000002727, 1.1499703000008594, 1.1724924000009196, 1.148781299998518, 1.1680818000022555, 1.1450463000073796, 1.1535238999931607, 1.1708262000029208, 1.186599299995578, 1.125463899996248, 1.1724855000065872, 1.13767640000151, 1.170067699989886, 1.1604634999966947, 1.1524037000053795, 1.1413241000118433, 1.130243599996902, 1.1359517000091728, 1.1218951999908313, 1.1486724999995204, 1.1476769000000786, 1.1372014000080526, 1.1549193999962881], "benchmark": [1.1470421999983955, 1.1430742999946233, 1.1526565999956802, 1.1690818999923067, 1.1234744999965187, 1.147549400004209, 1.141839699994307, 1.154224099998828, 1.148130100002163, 1.1474653000041144, 1.1110355999990134, 1.1295673999993596, 1.127788199999486, 1.1318326000036905, 1.1518046999990474, 1.1641614999971353, 1.1456758999993326, 1.114314699996612, 1.135141000006115, 1.1632053000066662, 1.134011999994982, 1.1058993999904487, 1.1463300000032177, 1.1465098999906331, 1.1628973000042606, 1.1565393000055337, 1.1621505000075558, 1.1509948000020813, 1.1649767000053544, 1.1313987000030465, 1.1354959000018425, 0.9743978999904357, 1.1407026999950176, 1.16384829999879, 1.1558977999957278, 1.1489293999911752, 1.1282086999999592, 1.1758666999958223, 1.157238400002825, 1.1229338999983156, 1.1841509000078076, 1.1864967000001343, 1.1695871999982046, 1.1420456000050763, 1.1635125000029802, 1.1336714000062784, 1.1315202999976464, 1.136040099998354, 1.138566699999501, 1.1245159999962198, 1.183549099994707, 1.1673300999973435, 1.1503270999965025, 1.178100999997696, 1.1580633999983547, 1.1793728999909945, 1.1681460000108927, 1.1603747000044677, 1.1352378000010503, 1.1419059000036214, 1.1506063999986509, 1.123495699997875, 1.156269799990696, 1.16479260000051, 1.1435289999935776, 1.1606003000051714, 1.1689120999944862, 1.1441040000063367, 1.1679077000007965, 1.1359219000005396, 1.158545400001458, 1.1615690000035102, 1.167081199993845, 1.1639807000028668, 1.1700359999958891, 1.1673254000052111, 1.139670100004878, 1.1374101999972481, 1.141784599996754, 1.1592968000040855, 1.1627564999944298, 1.1321456000005128, 1.1498820999986492, 1.1815881000075024, 1.1330587999982527, 1.1255797000048915, 1.1430667000095127, 1.1610375000018394, 1.1614588999946136, 1.1893027000041911, 1.1522066000034101, 1.1515048000001116, 1.1304327999969246, 1.1311461000004783, 1.1335204000060912, 1.152238299997407, 1.1547838000115007, 1.1463224999897648, 1.1659921999962535, 1.1364121999940835]}, "cpython": {"warmup": [1.229406200000085, 1.2042126000014832, 1.22172970000247, 1.2360446999955457, 1.2263895999931265, 1.2218387000029907, 1.256945800007088, 1.2364470000029542, 1.264385399990715, 1.2400840000045719, 1.2129749999876367, 1.226517299990519, 1.24221569999645, 1.238922000004095, 1.2270799999969313, 1.1633832000079565, 1.1993973000062397, 1.241785999998683, 1.2127736000111327, 1.230100200002198, 1.2017090000008466, 1.2550300000002608, 1.2512584000069182, 1.2683754000026966, 1.2218667999986792, 1.229229700009455, 1.2681050000101095, 1.2650564999930793, 1.2300352000020212, 1.2084395999991102, 1.2377310000010766, 1.213023799995426, 1.2346567000058712, 1.267262200010009, 1.2176633000053698, 1.280184700008249, 1.2148444000049494, 1.2325550999958068, 1.2478889000049094, 1.2217018000083044, 1.2183374000014737, 1.2124755999975605, 1.250946300002397, 1.2769611999974586, 1.2364324000081979, 1.2756775000016205, 1.2598255000048084, 1.267464700009441, 1.2603147000045283, 1.253287299987278, 1.2607253000023775, 1.2545234000135679, 1.2429817999945953, 1.175779600001988, 1.2101273000007495, 1.2652883999980986, 1.2277690000046277, 1.2497552999993786, 1.2329360000003362, 1.0835826999973506, 1.2305249999917578, 1.1385565000091447, 1.2364033000048948, 1.2265417000016896, 1.2203632000018843, 1.2304050000093412, 1.2827831999893533, 1.2448024000041187, 1.2364860999950906, 1.2169030999939423, 1.2711446000030264, 1.2615425999974832, 1.28824049999821, 1.2828619000065373, 1.2715709000040079, 1.2438142000028165, 1.2539916999958223, 1.2570175000000745, 1.2291017000097781, 1.2690382000000682, 1.2737466000107815, 1.2564369000028819, 1.2430098000040743, 1.2517876000056276, 1.248417700000573, 1.2515234999882523, 1.1955910000106087, 1.284218199987663, 1.191285599998082, 1.2496535000100266, 1.2375812000100268, 1.2219496999896364, 1.2803453999949852, 1.2698100999987219, 1.2556218999961857, 1.287250800000038, 1.2472067999915453, 1.2395327000122052, 1.2479424000048311, 1.2559425000072224], "benchmark": [1.2530574999982491, 1.3023088999907486, 1.2513990000006743, 1.223835600001621, 1.2201285000046482, 1.1830071000003954, 1.2490774000034435, 1.1508488999970723, 1.29335120000178, 1.2185309000051348, 1.1662973000056809, 1.2252077000011923, 1.2434486000129255, 1.1524317000003066, 1.2044224000128452, 1.1967340000119293, 1.1972505999874556, 1.1991312999889487, 1.2386641000048257, 1.2066018000041367, 1.2329314000089653, 1.2467793999967398, 1.1975611000088975, 1.210289800001192, 1.2157415000110632, 1.2460482000024058, 1.200613400011207, 1.2151046999933897, 1.2170197999948869, 1.2341502000053879, 1.1956740000023274, 1.1906687000009697, 1.2439203999965684, 1.2141176000004634, 1.2323207000008551, 1.2456406999990577, 1.2428771999984747, 1.2195346999942558, 1.2054286999918986, 1.2074968999950215, 1.186022399997455, 1.2072708000050625, 1.1578079000028083, 1.210028899993631, 1.1593320000101812, 1.2236943999887444, 1.1984277999872575, 1.2185406000062358, 1.1797723000054248, 1.2276131999969948, 1.2504109000001336, 1.249917999986792, 1.2423470000067027, 1.1933703999966383, 1.1739708999957656, 1.2351955999911297, 1.2193983000033768, 1.2005169000040041, 1.1401255000091624, 1.2025901000015438, 1.189433999999892, 1.1573185000015656, 1.2313408999907551, 1.2258540999901015, 1.1835646999970777, 1.2069981999957236, 1.2116958999977214, 1.2154111999989254, 1.2074895000114338, 1.181405100011034, 1.2075834999996005, 1.1804896999965422, 1.1845604999980424, 1.2241292999970028, 1.1991062999877613, 1.2206760999979451, 1.21586660000321, 1.2616708999994444, 1.2154458000004524, 1.2381426000065403, 1.2004904000059469, 1.2439706000004662, 1.2134176999970805, 1.2324674999981653, 1.214833699996234, 1.203762999997707, 1.1790376999997534, 1.1575233000039589, 1.2495703000022331, 1.1571862000128021, 1.1307333999866387, 1.2142859000014141, 1.258143699989887, 1.0606228000106057, 1.1985376999946311, 1.2386202000052435, 1.2396914999990258, 1.239422900005593, 1.1298284999938915, 1.190027700009523]}}