{"nuitka": {"warmup": [1.2613912999950117, 1.092671699996572, 1.110348600006546, 1.1158205999963684, 1.1165899000043282, 1.1603120000072522, 1.1155795999948168, 1.1339577000035206, 1.1389915000036126, 1.1553105999919353, 1.142494200001238, 1.1532528000097955, 1.136202299996512, 1.1447638999961782, 1.1317691000003833, 1.1445471000042744, 1.1130600000033155, 1.1281616000051145, 1.146177800008445, 1.1160512999922503, 1.1126420999935362, 1.3028329000080703, 1.1500694999995176, 1.162334299995564, 1.1403153999999631, 1.1426523999980418, 1.1295365999976639, 1.1370994999888353, 1.1223389999940991, 1.2816544999950565, 1.1092127000010805, 1.2547703000018373, 1.142058099998394, 1.1114974000083748, 1.115339900003164, 1.1460744999931194, 1.1288962000107858, 1.1304726999951527, 1.1380845999956364, 1.11937780000153, 1.130494600001839, 1.1299795000086306, 1.1291687000048114, 1.1103855999972438, 1.14263590000337, 1.1658150000002934, 1.148123699997086, 1.1173848000034923, 1.11457320000045, 1.115663400007179, 1.136868700006744, 1.1227453999890713, 1.1273956000077305, 1.1352691000065533, 1.1782333000010112, 1.1327887999941595, 1.144869399999152, 1.1325811999995494, 1.1422045000072103, 1.2775419000099646, 1.137418099999195, 1.1231123999896226, 1.1155650000000605, 1.1125242999987677, 1.1428984999947716, 1.1533595999935642, 1.1313408999994863, 1.1332378000079188, 1.1212392000015825, 1.149255299998913, 1.1543154999963008, 1.1260993000032613, 1.1109016999980668, 1.1191816000064136, 1.124419100000523, 1.1187247000052594, 1.134810399991693, 1.1432822999922791, 1.146187699996517, 1.1342902000033064, 1.1218332999997074, 1.122349800003576, 1.1342476999998325, 1.1458570999966469, 1.133000500005437, 1.1257292000082089, 1.1503097000095295, 1.1597767000057502, 1.135960100000375, 1.1410298999981023, 1.1485044000000926, 1.139151999988826, 1.1197830000019167, 1.1097913999983575, 1.1526783000008436, 1.1147569000022486, 1.1272195000055945, 1.1383887999982107, 1.1221664000040619, 1.1114261000038823], "benchmark": [1.287799099998665, 1.148092200004612, 1.1375449000042863, 1.1299505999922985, 1.1365890000015497, 1.123959599994123, 1.1569464999920456, 1.1107998000079533, 1.1410536999901524, 1.1325080000096932, 1.0412558000098215, 1.1320383999991463, 1.146259100001771, 1.1241048000083538, 1.110516300002928, 1.2377938000136055, 1.264039200003026, 1.1129674999974668, 1.112489999999525, 1.128567399995518, 1.133062399996561, 1.1643714000092587, 1.1473110999941127, 1.1304563000012422, 1.1097661999956472, 1.1224232999957167, 1.1364744000020437, 1.1064666000020225, 1.1215714999998454, 1.1338654999999562, 1.1175744000065606, 1.1388453000108711, 1.1134291000053054, 1.122160900005838, 1.3009909999964293, 1.1072640000056708, 1.1258056000078795, 1.1271261999936542, 1.1124322000105167, 1.1345448999927612, 1.139866699988488, 1.151102700008778, 1.145229699992342, 1.124976399994921, 1.1213802999991458, 1.137356599996565, 1.1254771999956574, 1.117327200001455, 1.1129853000020375, 1.1071743999928003, 1.1342027000064263, 1.1294987000001129, 1.1281262999982573, 1.1305742999975337, 1.1184289999946486, 1.1164415000093868, 1.1198085999931209, 1.1347110999922734, 1.163324900000589, 1.1165409999957774, 1.125208500001463, 1.1106099000026006, 1.125468499987619, 1.1403850999922724, 1.0965291000029538, 1.1280942000012146, 1.1331423000083305, 1.1205508000130067, 1.1239046999980928, 1.1381538999994518, 1.1346451999997953, 1.1122870999970473, 1.1473804999986896, 1.1292157999996562, 1.1200413000042317, 1.111268699998618, 1.1084648999967612, 1.1361816999997245, 1.1568068000051426, 1.1239449999993667, 1.1437138000037521, 1.1408677999861538, 1.140516799991019, 1.1402541999996174, 1.122852700005751, 1.153167399999802, 1.1230008999991696, 1.1243237000016961, 1.121901100006653, 1.1164434000093024, 1.153406299999915, 1.1199879000050714, 1.1378746000118554, 1.2487474999943515, 1.1305762999982107, 1.1447540999943158, 1.1443290999886813, 1.1183343000011519, 1.1136366999999154, 1.0077639000082854]}, "cpython": {"warmup": [1.2102627999993274, 1.2301424000033876, 1.128776800003834, 1.2135438000113936, 1.2088783000071999, 1.2230029000056675, 1.207655699996394, 1.197923499988974, 1.204421899994486, 1.2097167000029003, 1.1933945000055246, 1.2124569000006886, 1.211172399998759, 1.1923352000012528, 1.2084412000112934, 1.1844425999879604, 1.1911499999987427, 1.1971206000016537, 1.1755315000045812, 1.198323899996467, 1.2019747000013012, 1.2013478000008035, 1.2208171999955084, 1.234096000000136, 1.1522839000099339, 1.2174027000000933, 1.199116799994954, 1.213649900004384, 1.2029430999973556, 1.2233467000041855, 1.1960574999975506, 1.1876597000082256, 1.2088299000024563, 1.2002033999888226, 1.2211518999974942, 1.2380856999952812, 1.202115699998103, 1.2253936000051908, 1.105027900004643, 1.201823700001114, 1.1599605999945197, 1.2092173999990337, 1.2129811000049813, 1.2029980999941472, 1.20728919999965, 1.2232406999974046, 1.2080709000001661, 1.2181322000105865, 1.2047163999959594, 1.223302500002319, 1.2018567000050098, 1.2001996999897528, 1.2177120999986073, 1.1966401999961818, 1.212380299999495, 1.2110639000020456, 1.154238000002806, 1.2001273999921978, 1.2192188999906648, 1.1941296000004513, 1.1920236000005389, 1.2142174999898998, 1.1936549999954877, 1.195930000001681, 1.237283499998739, 1.149574199997005, 1.1992423000046983, 1.2132791000040015, 1.187175600003684, 1.2142324000014924, 1.2248695000016596, 1.2152556999935769, 1.1814390999934403, 1.1369859999977052, 1.143120499997167, 1.1491748999978881, 1.1619081999961054, 1.1588947999989614, 1.2102053000126034, 1.2178052000090247, 1.2132113999978174, 1.2355955999955768, 1.2099141999933636, 1.212070199995651, 1.2326900999905774, 1.207059799999115, 1.2293782999913674, 1.1868938000116032, 1.1979164000076707, 1.213413599994965, 1.1885275000095135, 1.2096604999969713, 1.1902563000039663, 1.2082224000041606, 1.200506499997573, 1.151778600004036, 1.1927496999996947, 1.2177234000118915, 1.1792654000018956, 1.218757700000424], "benchmark": [1.195585099994787, 1.2006583000038518, 1.212163000003784, 1.209810500004096, 1.1649391999962972, 1.2376751999981934, 1.212090300003183, 1.1804724999965401, 1.1615534000011394, 1.19656510000641, 1.205053300000145, 1.2201020999928005, 1.172673199995188, 1.1862034000077983, 1.194239499993273, 1.196877399997902, 1.201558600005228, 1.195436800000607, 1.2216232999926433, 1.216625999993994, 1.2035299999988638, 1.217276799987303, 1.1915654000040377, 1.19778290000977, 1.1489377999969292, 1.1947248999931617, 1.188636899998528, 1.2050148999987869, 1.2071967999945628, 1.1943391999957385, 1.205996899996535, 1.2106804000068223, 1.2356247999996413, 1.2152082999964477, 1.1892296000005445, 1.2071013000095263, 1.1330491000117036, 1.197028800001135, 1.222085600005812, 1.219172700002673, 1.216441999989911, 1.203756400005659, 1.1810887000028742, 1.1943786000047112, 1.207051400007913, 1.2067512000066927, 1.209067400006461, 1.2058307000115747, 1.2228815999988, 1.2420207999966806, 1.1830250999919372, 1.2234292999928584, 1.2133157999924151, 1.1907523999980185, 1.2193522000015946, 1.2162080999987666, 1.2081185999995796, 1.1989766999904532, 1.2299172000057297, 1.2410025999997742, 1.2157089999964228, 1.1313433999894187, 1.1846666000055848, 1.1549076000083005, 1.2087819000007585, 1.1973890000081155, 1.2217563000012888, 1.170958000002429, 1.1941446999990148, 1.1927583999931812, 1.1760853000014322, 1.1854593999887584, 1.1387930000055349, 1.2041338999988511, 1.1459516999893822, 1.2020139999949606, 1.1420306999934837, 1.1744908999971813, 1.2041179000079865, 1.1450806999928318, 1.1846744000067702, 1.2297085000027437, 1.203774199995678, 1.2109477000049083, 1.2066511000011815, 1.2192665999900782, 1.2211886000004597, 1.2301169999991544, 1.2168960999988485, 1.2226338999898871, 1.205074900004547, 1.2131672999967122, 1.1372450000053504, 1.193482500006212, 1.2040230999991763, 1.1958916000003228, 1.2116630999953486, 1.2059712000045693, 1.225478899999871, 1.1944966000010027]}}