{"nuitka": {"warmup": [1.5616913999983808, 1.063104500004556, 1.1346497999911662, 1.0530368000036106, 1.1189951999986079, 1.1333210000011604, 1.0695755000051577, 1.0615250999981072, 1.026658300004783, 1.0616999000048963, 0.975323099992238, 1.012789200001862, 1.0681855000002543, 0.9855586999910884, 1.0514162000035867, 1.0690326000039931, 1.0637950000091223, 1.1060677000059513, 1.159195300002466, 1.1153740000008838, 1.2271791999955894, 1.0741823999996996, 1.098349000007147, 1.0667059999977937, 1.090019700000994, 1.1492654000030598, 1.240765399998054, 1.0839846000017133, 1.0191125999990618, 1.1809207999904174, 1.0786412000015844, 0.9790269999939483, 1.1813834000058705, 1.2868147999979556, 0.9637651999946684, 1.0027351000026101, 0.9751522000005934, 1.001274399997783, 0.9974271000100998, 0.951496000008774, 1.017823000001954, 0.9777152000024216, 0.9763428000005661, 0.9810246999986703, 0.9372425000037765, 0.9507581000070786, 0.9779695000033826, 0.9985709000029601, 1.3071021000068868, 0.998294299992267, 0.9917093999974895, 1.2702948000078322, 0.9269036000041524, 0.984061399998609, 0.9882899999938672, 0.9324333999975352, 0.9242236999998568, 0.9413244000024861, 1.1811879000015324, 0.9313086000038311, 0.9699927999899955, 0.97564419999253, 0.9265008999936981, 0.9646953999908874, 0.9707996000070125, 0.9546272000006866, 1.2842232000111835, 1.0098077000002377, 0.9591932000039378, 0.9554806999949506, 0.9620833999942988, 1.0230474999989383, 0.9762428000103682, 0.9812633999972604, 1.014829899999313, 0.9344981999893207, 0.9845270000078017, 1.067575000008219, 1.0873895999975502, 1.0675259999989066, 1.0558638999937102, 1.0523951000068337, 1.0762263999931747, 1.0787096999993082, 1.0535883999982616, 1.2946431000018492, 1.0645902999967802, 1.0642495000065537, 1.0708183000097051, 1.0494868999958271, 1.0932278999971459, 1.1318476000014925, 1.1873895000026096, 1.062544100001105, 1.080754299997352, 1.0700461999949766, 1.089673300011782, 1.0524633000022732, 1.0500188000005437, 1.0909447000012733], "benchmark": [1.0915933000069344, 1.2351568000012776, 1.0894478999980493, 1.0592790999944555, 1.072851200005971, 1.055457700000261, 1.233955599993351, 1.13969020001241, 1.0573326000012457, 1.035608999998658, 1.0783591000072192, 1.2239537999994354, 1.0776226000016322, 1.240994400010095, 1.0610716999944998, 1.073158200000762, 1.236365200005821, 1.0465944000025047, 1.1977411999978358, 1.0663682000013068, 1.122939699998824, 1.10164489998715, 1.0596602999867173, 1.0784672000008868, 1.1808310999913374, 1.0699338000122225, 1.0847743999911472, 1.2295946999947773, 1.0739449999964563, 1.086602600000333, 1.0651246000052197, 1.062415799999144, 1.079711500002304, 1.1796191000030376, 1.0841382000071462, 1.1868124000029638, 1.2200247000000672, 1.002921499995864, 1.0734239000012167, 1.0830956999998307, 1.0509286999877077, 1.0748881999898003, 1.0768073999934131, 1.3111601000127848, 1.0559969000023557, 1.0511808000010205, 1.0455800000054296, 1.0910086999938358, 0.9920692000014242, 1.0763982000062242, 1.0791586000123061, 1.1965231999929529, 1.018557300005341, 1.0535619000002043, 1.0630200000014156, 1.086573500011582, 1.070506200005184, 1.0228878999914741, 1.2190357000072254, 1.0843967000109842, 1.1749593999993522, 1.0758076000056462, 1.0559676999982912, 1.0931744999979855, 1.0539599000039743, 1.0079652000131318, 1.1800762000057148, 1.1916653999942355, 1.067369600001257, 1.0908526999992318, 1.0544272999977693, 1.0582863000017824, 1.1254941999941366, 1.0877131000015652, 1.0844828999979654, 1.0775267999997595, 1.0515056000003824, 1.0778397999965819, 1.0750087999913376, 1.0918897000083234, 1.0821437999984482, 1.0950744000001578, 1.2440774999995483, 1.037782100000186, 1.177489699999569, 1.0731382999947527, 1.0775089000089793, 1.2138153999985661, 1.1148610999953235, 1.087872399992193, 1.0644492999999784, 1.067175700009102, 1.0382354000030318, 1.1934993000031682, 1.0943242000066675, 1.0793937999987975, 1.165680499994778, 1.0607821000012336, 1.0640732000028947, 1.0616778999974485]}, "cpython": {"warmup": [1.1661775999964448, 1.201405200001318, 1.0752864999958547, 1.0237152999907266, 1.0373194999992847, 1.0738408000033814, 1.096825800006627, 1.0899675999971805, 1.0640363000129582, 1.087525299997651, 1.1846472000033827, 1.0459094999969238, 1.1788606000045547, 1.172356299997773, 1.09125289999065, 1.029774800001178, 1.1128999999928055, 1.0181709000025876, 1.1406131999974605, 1.0788423999911174, 1.1092359000031138, 1.173807900006068, 1.0690886000083992, 1.0795304000057513, 1.0989284999959636, 1.2114404999883845, 1.0638311000075191, 1.0937299000070198, 1.1003767000074731, 1.0718201999989105, 1.106302100000903, 1.0955818999937037, 0.9874740999948699, 1.0867753000056837, 1.0865787000075215, 1.0645960999972885, 1.0721593000052962, 1.0592832999973325, 1.08506570001191, 1.0730426000081934, 0.9913403000100516, 1.1015834999998333, 1.0783236000133911, 1.0625031999952625, 1.0054573000088567, 1.0696154000033857, 1.0601326000032714, 1.0809689000016078, 1.1339175999892177, 1.083849199989345, 1.0709032000013394, 1.06183069999679, 1.042646700007026, 1.0890744000062114, 0.9865744999988237, 1.075167600007262, 1.0592347999918275, 1.0530105000070762, 1.033232500005397, 1.0719731999997748, 1.0756670999980997, 1.1355214000068372, 1.0701195000001462, 1.0636298000026727, 1.0720582000067225, 1.0678566999995383, 1.064099700000952, 1.1516254000016488, 1.061384900007397, 1.0718704000028083, 1.0656698999955552, 1.0822970000008354, 1.0803169999999227, 1.0944907999946736, 1.0181612999876961, 1.0662670000019716, 1.0800410000083502, 1.0147643999953289, 1.0423205999977654, 1.0936357000027783, 1.1052554000052623, 1.0862118000077317, 1.0701562000031117, 1.1226658999948995, 1.0689674999885028, 1.0808422999980394, 1.069238399999449, 1.0781354000064312, 1.0846654000051785, 1.1172681000025477, 1.0846392999956151, 1.0890272999968147, 1.080145600004471, 1.078884599992307, 1.0423144999949727, 1.1280700000061188, 1.0268795000010869, 1.0871224000002258, 1.0661111000081291, 1.063936599995941], "benchmark": [1.0449535000079777, 1.028387099999236, 1.0403581999999005, 1.0955914999940433, 1.0511574000120163, 1.0645517999946605, 1.0583623999991687, 1.0853882000083104, 1.1078143999911845, 1.0710303999949247, 1.0800243000121554, 1.0758953999902587, 1.0956337999959942, 1.026555800010101, 1.0894247999967774, 1.022854599999846, 1.0492564000014681, 1.0857962000009138, 1.0045244000066305, 1.0749062999966554, 1.041848900000332, 1.08897139999317, 1.061518700007582, 1.1291152999910992, 1.0782006999943405, 1.0722833999898285, 1.0828681999992114, 1.0806767999893054, 1.058915599991451, 1.0825558000069577, 1.0703845000098227, 1.1098077000060584, 1.07463160000043, 1.0703111000038916, 1.066471800004365, 1.0867555000004359, 0.9815173000097275, 1.0795989000034751, 1.0286310000083176, 1.1043743000045652, 1.0214830999902915, 1.0580478999909246, 1.0758939999941504, 1.0882680000067921, 0.9969606999948155, 1.088176300007035, 1.0818453999963822, 1.086513800008106, 1.0964662999904249, 1.1622482000093441, 1.0746384999947622, 1.088750599999912, 1.0937623000063468, 1.0858849000069313, 1.0929070999991382, 1.0724373999983072, 1.0685707999946317, 1.065546900004847, 1.0479639999975916, 1.0687438000022667, 1.0765408000006573, 1.0739139999932377, 1.0846462000044994, 1.0469135000021197, 1.0779318999993848, 1.0809292999911122, 1.0696766000037314, 1.0352641999925254, 1.0723749999888241, 1.0428477999957977, 1.063773100002436, 1.0732555000140565, 1.084485900006257, 1.047978399990825, 1.0653992000006838, 1.070378399992478, 1.0852978999901097, 1.0812981999915792, 1.1215002000099048, 1.1078379999962635, 1.1352000000042608, 1.0779317999986233, 1.195449099992402, 1.0962254000041867, 1.0834430000104476, 1.1000349999958416, 1.0555955000018002, 1.0826132999936817, 1.084350799996173, 1.0988895999907982, 1.0886067999963416, 1.0789973000064492, 1.0121843999950215, 1.05687339999713, 1.0697670999943512, 1.0105414999998175, 1.0772660999937216, 0.9971822999941651, 1.0630998999986332, 1.12974309999845]}}