{"nuitka": {"warmup": [1.4003571999928681, 1.1625593999924604, 1.0303493999963393, 1.1885301000002073, 1.160878099995898, 3.363725000002887, 1.1721301000070525, 1.136149400001159, 1.12937399999646, 1.1321290000050794, 1.162443200009875, 1.1441836999874795, 1.1345822000002954, 1.1681524999876274, 1.1633701999962796, 1.157101100005093, 1.1269356999982847, 1.1947883999964688, 1.259038899996085, 1.1596131999976933, 1.15245120000327, 1.1457782999932533, 1.1690311999991536, 1.1138766999938525, 1.2632651000021724, 1.2092015000089305, 1.052305699995486, 0.9995964000117965, 1.027960699997493, 1.060174600002938, 1.0768267000094056, 1.0607639999943785, 1.1219117000000551, 1.1013040999969235, 1.1056600000010803, 1.110466500002076, 1.1296281999966595, 1.173813000001246, 1.3107600999937858, 1.1487399000034202, 1.1395802999904845, 1.1450839000026463, 1.1278031999972882, 1.1350298000033945, 1.16423969999596, 1.1680627999885473, 1.1345475000125589, 1.1269180000090273, 1.1369240999920294, 1.1217515000025742, 1.1590738999948371, 1.1380806000088342, 1.1404968999995617, 1.1395641999988584, 3.55210430000443, 1.130916599999182, 1.127031399999396, 1.1277152999973623, 1.316986399993766, 1.2974031999910949, 1.2013149999984307, 1.1724910999910207, 1.189943299992592, 1.1551233000063803, 1.1478834000008646, 1.1804549000080442, 1.1855214000097476, 1.1888188000011723, 1.178669799992349, 1.1927825000020675, 1.1960693000000902, 1.1465070999984164, 1.1782418000075268, 1.1821257999981754, 1.2102340999990702, 1.2943828999996185, 1.2738070000050357, 1.2403881999925943, 1.2295974000007845, 1.2780947999999626, 1.2674816999933682, 1.2916635000001406, 1.1050287999969441, 1.1215236999996705, 1.1343330000090646, 1.1412531999958446, 1.144335000004503, 1.2084168000001227, 1.1528918999974849, 1.1237240999907954, 1.1247917000000598, 1.2273050000076182, 1.1813408000016352, 1.1620003999996698, 1.1507211999996798, 1.1369913000089582, 1.1277801999967778, 1.1203702000057092, 1.1701986999978544, 1.141878700000234], "benchmark": [1.147907499995199, 1.212928600012674, 1.1622671999939485, 1.1339759000111371, 1.1557021999906283, 1.1423248999926727, 1.160190299997339, 1.1993760999903316, 1.2535862999939127, 1.2605060000059893, 1.2573751000018092, 1.244316099997377, 1.1505228000023635, 1.2184778000082588, 1.0341884999943431, 1.1441399000032106, 1.1466394000017317, 1.2432020000123885, 1.121600300000864, 0.9834886000026017, 1.0027393999916967, 1.1694333000050392, 1.243907299998682, 1.1660169000097085, 1.1049009999987902, 1.121246800001245, 1.130421900001238, 1.1614398999954574, 1.1350341999932425, 1.1423534999921685, 1.1070859999890672, 1.0053579999948852, 0.9994540000043344, 1.24662009999156, 0.9695528999873204, 0.9911726999998791, 1.0127172000065912, 0.9969506999914302, 1.0605436000041664, 0.9518972999940161, 1.0499278999923263, 1.1904595000087284, 1.2728187999891816, 1.268786499989801, 1.249258199997712, 1.2708689999999478, 1.274898799994844, 1.2540426000050502, 1.2789838000026066, 1.1318017000012333, 1.152909800002817, 1.1451493999920785, 1.1701802000025054, 1.2813600999943446, 1.1422750999918208, 1.1495020000002114, 1.2750709999963874, 1.1506770999985747, 1.155720900002052, 1.1272678000095766, 1.1644445999991149, 1.139870200000587, 1.119273799995426, 1.1686727000051178, 1.2897402999951737, 1.0715917000052286, 1.1449519000016153, 1.2101854000065941, 1.2002313999983016, 1.2227700999937952, 1.139102900007856, 1.1322211000078823, 1.036711100008688, 1.150975800002925, 1.2323765999899479, 1.0732940000016242, 1.1351362999994308, 1.1429156999947736, 1.1249348999990616, 1.170248000009451, 1.15524639999785, 1.1428949999972247, 1.1221356000023661, 1.1287807999906363, 1.1509154999948805, 1.1350777000043308, 1.1367501999920933, 1.1229213000042364, 1.1356344999949215, 1.1614418999961345, 1.2323362000024645, 1.1465360000001965, 1.1517905999935465, 1.1364876000006916, 1.1408303000062006, 1.161009900009958, 1.137939499996719, 1.1396777000045404, 1.1302615000022342, 1.1580909000040265]}, "cpython": {"warmup": [1.2138345999992453, 1.213623200004804, 1.2547994999913499, 1.2019919000013033, 1.1492564999934984, 1.1469769999966957, 1.2198894000030123, 1.2499091000063345, 1.2143573999928776, 1.2426976999995532, 1.2242247999965912, 1.257316199989873, 1.13673430000199, 1.124771700007841, 1.2149361000047065, 1.1996982999989996, 1.2398604999907548, 1.1780034999974305, 1.2496192999969935, 1.2257267999957548, 1.232935100008035, 1.2127333999960683, 1.2007800999999745, 1.2335213000042131, 1.2562725000025239, 1.2670924999983981, 1.172740199996042, 1.2252038000005996, 1.2120599999907427, 1.1865874999930384, 1.2126491999952123, 1.2472272000013618, 1.2621725000062725, 1.1509072000044398, 1.2060385000077076, 1.176177400004235, 1.2531233000045177, 1.1873392999987118, 1.2187895999959437, 1.2030165000032866, 1.1574565000046277, 1.2461443999927724, 1.2355771000002278, 1.232810800007428, 1.2254930000053719, 1.1995950999989873, 1.2062924000056228, 1.2000450999912573, 1.1949084000079893, 1.158445799999754, 1.2279960000014398, 1.2110851000034017, 1.2115058000053978, 1.2350777999963611, 1.1690682000044035, 1.138879200007068, 1.236677699998836, 1.211336599997594, 1.2185041000047931, 1.2120066999923438, 1.2302917999913916, 1.2084959000058006, 1.2541049999999814, 1.1152780000120401, 1.2267231000005268, 1.2424347000051057, 1.2001314999943133, 1.1564460999943549, 1.119324899991625, 1.162817600008566, 1.1366280000074767, 1.1625611999916146, 1.150445099992794, 1.150944900000468, 1.1692550000007031, 1.150770400010515, 1.1424173999985214, 1.125258499989286, 1.1077026999992086, 1.1099240000039572, 1.1184234999964247, 1.1470492999942508, 1.1115745999995852, 1.2111927999940235, 1.1555158999981359, 1.1636083999910625, 1.1384870999900158, 1.1478453000017907, 1.170234499993967, 1.1700011999928392, 1.1485838000080548, 1.1018837000010535, 1.0804845000093337, 1.0875034999917261, 1.1506309999967925, 1.1718645000073593, 1.249487199995201, 1.2228615999920294, 1.2766048000048613, 1.202539900012198], "benchmark": [1.2107077000109712, 1.2276200000051176, 1.2102163999952609, 1.2678453999978956, 1.217188200011151, 1.2023698999983026, 1.1954809000017121, 1.2331743000104325, 1.2290116999938618, 1.199473600005149, 1.2376318000024185, 1.2549125000077765, 1.221972300001653, 1.2268351999955485, 1.2397510000009788, 1.2192358000029344, 1.2382205999892903, 1.2466656000033254, 1.2206253000040306, 1.2406786999927135, 1.2264319999958389, 1.2506330000032904, 1.24208829998679, 1.2503072999970755, 1.200549899993348, 1.2296627000032458, 1.225722000002861, 1.2056720000109635, 1.220731400011573, 1.2314057999901706, 1.2479510999983177, 1.2066236999962712, 1.2134440000081668, 1.235593899997184, 1.2184933999960776, 1.2170746000047075, 1.2064936999959173, 1.1961423000029754, 1.2591652999981306, 1.2726325999974506, 1.2369272999931127, 1.2401634999987436, 1.237155899987556, 1.2680377000069711, 1.222474100010004, 1.2423335000057705, 1.2428425999969477, 1.2023206999874674, 1.236724400005187, 1.2401811000017915, 1.2715750000061234, 1.22603709998657, 1.2291472000069916, 1.231151600004523, 1.2183570999914082, 1.2196792000031564, 1.1970476000133203, 1.2138129000086337, 1.1906364000024041, 1.2142301999992924, 1.2517091000045184, 1.1695346999913454, 1.2083240000065416, 1.234495100012282, 1.207782400000724, 1.1988166999944951, 1.2329317999974592, 1.204757100000279, 1.2205405999993673, 1.2242019999976037, 1.237023699999554, 1.2366082000080496, 1.2401992999948561, 1.2627874000027077, 1.223831399998744, 1.220609099997091, 1.23833380000724, 1.2101579000009224, 1.2149125000141794, 1.2007649000006495, 1.219805400003679, 1.2375833999976749, 1.2347952999989502, 1.2274374999979045, 1.2299114000052214, 1.2564806000009412, 1.2098111000086647, 1.235261800000444, 1.2409794999985024, 1.191147199991974, 1.2146516000066185, 1.2530296000040835, 1.24483510000573, 1.2608835999999428, 1.191090600012103, 1.181773999996949, 1.1877872000040952, 1.2267297000071267, 1.2276503000030061, 1.169797099995776]}}