{"nuitka": {"warmup": [0.9961914000014076, 0.837828100004117, 0.8343913999997312, 0.8411607000016375, 0.8392632000031881, 0.8360208000085549, 0.8394392000045627, 0.8313108000002103, 0.8361874999973224, 0.8352850999945076, 0.837617199998931, 0.8352660000091419, 0.8383941999927629, 0.836790999994264, 0.8397226999950362, 0.8396944999985863, 0.8342672999860952, 0.8395069999969564, 0.8359532000031322, 0.837935200004722, 0.939082299999427, 0.8403704000083962, 0.8350372999993851, 0.8404102999920724, 0.8402554000058444, 0.8294842000032077, 0.8386177999927895, 0.8399636000103783, 0.8376950999954715, 0.9405624000064563, 0.8388559000013629, 0.8416251000016928, 0.8376999000029173, 0.8392401000019163, 0.8409145000041462, 0.8369477999949595, 0.8367055999988224, 0.9381981000042288, 0.8402920000080485, 0.8335670999949798, 0.8407161999930395, 0.8332632999954512, 0.8387982999993255, 0.9443469999969238, 0.8384714999992866, 0.8416055999987293, 0.8281484999897657, 0.8356709000072442, 0.8360404999984894, 0.8410483000043314, 0.841302499989979, 0.8410939000023063, 0.8361570999986725, 0.8389556000038283, 0.8329969000042183, 0.8393114999926183, 0.8339798000088194, 0.84015809999255, 0.8303448000078788, 0.8388148000085494, 0.8411265000031563, 0.8357783999963431, 0.9422310999943875, 0.8388063999882434, 0.8285482000064803, 0.8407795999955852, 0.8407695999921998, 0.8393919000081951, 0.8384051000030013, 0.8363252999988617, 0.8354084000020521, 0.8415591999946628, 0.8330133999988902, 0.8407165000098757, 0.8415805999975419, 0.8406159000005573, 0.8399161999986973, 0.8374813000118593, 0.9501059000031091, 0.8432405999919865, 0.8387871000013547, 0.8362504999968223, 0.8380203000124311, 0.8396231000078842, 0.8381934000062756, 0.8315310000034515, 0.8405637999967439, 0.8389939000044251, 0.8327124999923399, 0.8335451000020839, 0.83833539999614, 0.8378948000026867, 0.9431199000100605, 0.8349855999986175, 0.837373899994418, 0.8378354000014951, 0.8332382999942638, 0.8310522999963723, 0.8419139000034193, 0.8325928999984171], "benchmark": [0.8344662000017706, 0.8379513999971095, 0.833602200000314, 0.8412473999924259, 0.8317945000017062, 0.839867000002414, 0.8364277000073344, 0.8380807000066852, 0.9447324000066146, 0.8361422000016319, 0.8394034000084503, 0.8334850000101142, 0.8327295000053709, 0.8382484000030672, 0.8364648999995552, 0.8353150000039022, 0.8393260999873746, 0.8336987000075169, 0.8403640000033192, 0.8305088999914005, 0.8386547999980394, 0.833116699999664, 0.840058500005398, 0.8370904000039445, 0.8390343000064604, 0.8331819000013638, 0.8381315000005998, 0.8303521999914665, 0.8407979000039632, 0.8411827999952948, 0.8394488000049023, 0.8399867999978596, 0.8394230999983847, 0.8365596999938134, 0.8418674000131432, 0.8419641999935266, 0.8448793999996269, 0.8415122000005795, 0.8399317000003066, 0.8374944999959553, 0.8394900999992387, 0.8387944999994943, 0.8376470000075642, 0.8420715999964159, 0.8408417000027839, 0.9506341999949655, 0.8397818999947049, 0.8360208999947645, 0.8378774000011617, 0.9407484000112163, 0.8399861999932909, 0.8400830000027781, 0.8316578999947524, 0.836663399997633, 0.834968299997854, 0.8379026999900816, 0.8343385000043781, 0.834550700004911, 0.8400103000021772, 0.8397545000043465, 0.8391166999936104, 0.8366212999972049, 0.8398747000028379, 0.8360285000089789, 0.8368315000116127, 0.8298158999969019, 0.8402243000018643, 0.8401001000020187, 0.8340555999893695, 0.841369499990833, 0.8330601000052411, 0.8404399999999441, 0.8334796999988612, 0.8391410999902291, 0.8378079999965848, 0.8336046999902464, 0.8413201000075787, 0.8380481000058353, 0.8359878000046592, 0.8421060999971814, 0.8404767000029096, 0.8413282000110485, 0.8360125000035623, 0.8383332999947015, 0.8337821000022814, 0.8418900000106078, 0.838379900000291, 0.8347728000080679, 0.8397976999985985, 0.8344382000068435, 0.8392791999940528, 0.8343426000064937, 0.8401127999968594, 0.8363718999898992, 0.8354923000006238, 0.8395007999934023, 0.841216999993776, 0.8347349999967264, 0.839635400014231, 0.8332277000008617]}, "cpython": {"warmup": [0.8850548000045819, 0.8715117999963695, 0.8654769999993732, 0.8721061999967787, 0.8674772999947891, 0.8778583000093931, 0.8681830999994418, 0.8728261999931419, 0.9832981000072323, 0.9772002999961842, 0.8728317000059178, 0.8696043999952963, 0.8720081000064965, 0.8694029999896884, 0.9768789999943692, 0.9679647000011755, 0.9809703999926569, 0.9787558000098215, 0.9846528000052786, 0.9816989999962971, 0.8711887000099523, 0.9706088000093587, 0.9819092999969143, 0.9692697999998927, 0.9781313999992562, 0.8714330999937374, 0.9780622000107542, 0.983660099998815, 0.9771142999961739, 0.9817968999996083, 0.9795317999960389, 0.9823431999975583, 0.9823446000082185, 0.8680737000104273, 0.871097600000212, 0.9823916999885114, 0.867824599990854, 0.8673956999991788, 0.9749706000002334, 0.9809610000083921, 0.9811848999961512, 0.8676526000053855, 0.9769505999865942, 0.9837193999992451, 0.8674296999961371, 0.8711315999971703, 0.8713043000025209, 0.9798983999935444, 0.9836985000001732, 0.9839298000006238, 0.8729154000029666, 0.8665673999930732, 0.9834078999992926, 0.9833294999989448, 0.9818182000017259, 0.8684004999959143, 0.8713701000087894, 0.8714277000108268, 0.8702320000011241, 0.9800568000064231, 0.8716434000089066, 0.8652459000004455, 0.9785091000085231, 0.8718306000082521, 0.8648178000003099, 0.872313200001372, 0.9786693999922136, 0.8710231000004569, 0.8695597999903839, 0.9818962999997893, 0.8728085000038845, 0.8636755000043195, 0.8724454000039259, 0.8827741999994032, 0.8717489999980899, 0.8719819999969332, 0.9707506999984616, 0.8727527000010014, 0.8608396000054199, 0.8688202000048477, 0.8719075999979395, 0.8682926000037696, 0.9819124999921769, 0.9825222000072245, 0.9828068999922834, 0.9765047000109917, 0.871877300000051, 0.9729767000098946, 0.9820896000019275, 0.9771102999948198, 0.9770518000004813, 0.872340300003998, 0.9827527000015834, 0.9780208999873139, 0.9774695000087377, 0.9822658999910345, 0.9817978000064613, 0.9735817000037059, 0.9818295000004582, 0.8711131000018213],