{"nuitka": {"warmup": [1.0403759999899194, 0.9597869999997783, 0.9648652999894693, 0.9532127999991644, 0.9603526999999303, 0.9621271999931196, 0.9551795000006678, 0.9634390999999596, 0.9535167000140063, 0.9655367000086699, 0.9723137999972096, 0.961051000005682, 0.9663136000017403, 0.966595599995344, 0.9763161000009859, 0.9687982000032207, 0.9147106000018539, 0.9699819999950705, 0.9734091999998782, 0.9612113000039244, 0.9681420999986585, 0.9705453999922611, 0.9763676000002306, 0.9276529000053415, 0.9632209000119474, 0.9527282999915769, 0.9715704999980517, 0.9548469000001205, 0.9659628999943379, 0.9700972999999067, 0.9683177999977488, 0.9610530000063591, 0.9619860999955563, 0.9627553000027547, 0.9710946000122931, 0.9648970999987796, 0.9637683000037214, 0.9704380000039237, 0.9602750000049127, 0.9662519000121392, 0.9596040000033099, 0.9589300000079675, 0.962112100009108, 0.9503807999863056, 0.9780016000004252, 0.9679979999928037, 0.9562425000040093, 0.975560899998527, 0.9789675999927567, 0.9574833999940893, 0.9888302000035765, 0.950476299985894, 0.9379492000007303, 0.959946700008004, 0.9605018000002019, 0.9559628999995766, 0.9573354000021936, 1.0346964000054868, 0.9583132999978261, 0.974005699987174, 0.9622535000089556, 0.954183900001226, 0.9587513000005856, 0.9548924999980954, 0.9599810000072466, 0.9744884999963688, 0.9606765999924392, 0.9641950000077486, 0.9684811000042828, 0.9601646999944933, 0.9652773999987403, 0.9319599000009475, 0.9781534999929136, 0.9068874000076903, 0.9538909999973839, 0.9633270999911474, 0.970160400000168, 0.9721601999917766, 0.9363766000024043, 0.9753979000088293, 0.9692007999983616, 0.962829199997941, 0.9680482999974629, 0.9562099000031594, 0.9655595000076573, 0.9807353999931365, 0.9760354000027291, 0.952332100001513, 0.9588206000044011, 0.9594163000001572, 0.9556522999919252, 0.966567399998894, 0.9807637000048999, 0.9647452999925008, 0.964194399988628, 0.951649599999655, 0.9636698000103934, 0.9640665000042645, 0.9699049000046216, 0.9591730000101961], "benchmark": [0.992347699997481, 0.9620719000085955, 0.9544958999904338, 0.9638069000066025, 0.9587663999991491, 0.9654326999880141, 0.9658664999878965, 0.956581799997366, 0.9699361999955727, 0.9582019999943441, 0.9628960999980336, 0.961137599995709, 0.9678648000117391, 0.952925999998115, 0.9617155000014463, 0.9612903999950504, 0.9603382000059355, 0.9608265999995638, 0.9755032999964897, 0.9609856000024593, 0.9595257999899331, 0.959151600007317, 0.9733897999976762, 0.9654310000041733, 0.9629302999965148, 0.9530904999992345, 0.9505588000029093, 0.9638039999990724, 0.956139300003997, 0.9549250999989454, 0.9541172000026563, 0.9787056000059238, 0.9635045000031823, 0.9543514999968465, 0.9698675999970874, 0.9570629000081681, 0.9512090999924112, 0.9683987999887904, 0.9620204999955604, 0.9561051000055159, 0.9606444000091869, 0.9537582999910228, 0.9576315000012983, 0.9495119000057457, 0.9544710999907693, 0.959004600008484, 0.959575799992308, 0.9568346000014571, 0.961709700000938, 0.9566814999998314, 0.9522523000050569, 0.9587210999889066, 0.9567217000003438, 0.9623298999940744, 0.9693444000004092, 0.9624137000064366, 0.9694651000027079, 0.9512720000057016, 0.9689097999944352, 0.956312499998603, 0.9662616000132402, 0.9593560999928741, 0.9545313000126043, 0.9783953000005567, 0.9861764999950537, 0.9502466999983881, 0.9516930999961914, 0.9619156999979168, 0.9507698999950662, 0.9619204000046011, 0.975258099992061, 0.9655643000005512, 0.9751593000110006, 0.9589258000050904, 0.9517382999911206, 0.952080200004275, 0.9652896000043256, 0.9569874000007985, 0.9647208999958821, 0.9694493999995757, 0.9598446000018157, 0.963359200002742, 0.9563040999928489, 0.9769393999886233, 0.9623532999976305, 0.9549040999991121, 0.9578176999930292, 0.9754715000017313, 0.9594209999922896, 0.9823193000047468, 0.9680070000031264, 0.9650512000080198, 0.9726348000112921, 0.9648021000029985, 0.9609042999945814, 0.9606926999986172, 0.9683364000084111, 0.961145299996133, 0.9580457999982173, 0.9664995999919483]}, "cpython": {"warmup": [1.02468059999228, 1.0019310000061523, 1.0115573999937624, 1.0195045000000391, 0.9779959000006784, 0.9956894999922952, 1.0326301000022795, 1.0266906000033487, 0.9970659000100568, 0.9679255000082776, 1.0124084999988554, 1.0113068999926327, 1.0288704999984475, 0.9729578999977093, 1.0126208000001498, 0.9780657999945106, 1.034790099991369, 0.9946919999929378, 1.0158622000017203, 1.015355899988208, 1.0133192999928724, 1.009997300003306, 1.008640899992315, 0.9691860000020824, 0.9894410999986576, 0.9983945999993011, 1.017550000004121, 1.0147494000120787, 1.019818300002953, 1.0138148999976693, 0.9987736000039149, 0.9658903000090504, 1.0168634000001475, 1.0130740000022342, 0.9751546000043163, 0.9834190999972634, 1.02282749999722, 0.9990220000036061, 1.016549699997995, 0.9918924000085099, 1.0069855000037933, 1.019832200006931, 0.9881584999966435, 1.016377799998736, 0.9735521999973571, 1.0016910999984248, 0.9698408999975072, 0.9998455000022659, 1.0137740999925882, 0.9788203999924008, 0.9985530999983894, 0.9662415999919176, 1.0184762999997474, 1.000735400011763, 1.0123844999907305, 1.0103391999873566, 1.013753799998085, 0.9847270000027493, 1.0085408999875654, 1.0130523000116227, 1.024969999998575, 1.0087712000095053, 1.0168604999926174, 1.0249433999997564, 1.0292361000028905, 1.0120748000044841, 0.9920398999965983, 1.004661799990572, 1.0056984999973793, 1.0046962999913376, 1.0085742000082973, 0.9877716000046348, 1.0137510999920778, 0.9873127000028035, 1.0200737999984995, 1.0124117999948794, 1.019468099999358, 1.006642300009844, 0.9999461999977939, 0.9771288000047207, 1.0128754999896046, 0.9798185999970883, 1.023771599997417, 1.0523465999867767, 1.0623864000081085, 1.0131869000033475, 1.0046326000010595, 1.0128984000039054, 1.0869146000040928, 1.005858900010935, 1.0301081000070553, 1.1019579999992857, 0.9952526000124635, 1.0099427999957697, 1.0108285000023898, 1.0936787000100594, 1.1024467999959597, 1.0087749999947846, 1.0149869000015315, 0.9735669000074267],